<?xml version = "1.0" encoding = "UTF-8" ?>
<check>
<year>2016</year>
<month>11</month>
<day>17</day>
<time>12:00~13:00</time>
<stu_name>jojun</stu_name>
<stu_no>123</stu_no>
<problem>hjk</problem>
<stu_major>math</stu_major>
</check>
<check>
<year>2016</year>
<month>11</month>
<day>20</day>
<time>13:00~14:00</time>
<stu_name>jojun</stu_name>
<stu_no>123</stu_no>
<problem>근ㅅ</problem>
<stu_major>math</stu_major>
</check>
<check>
<year>2016</year>
<month>11</month>
<day>24</day>
<time>13:00~14:00</time>
<stu_name>Eunseo_OH</stu_name>
<stu_no>2013110996</stu_no>
<problem>learning</problem>
<stu_major>business</stu_major>
</check>
<check>
<year>2016</year>
<month>11</month>
<day>24</day>
<time>15:00~16:00</time>
<stu_name>Eunseo_OH</stu_name>
<stu_no>2013110996</stu_no>
<problem>studying</problem>
<stu_major>business</stu_major>
</check>
<check>
<year>2016</year>
<month>11</month>
<day>28</day>
<time>09:00~10:00</time>
<stu_name>Serin Oh</stu_name>
<stu_no>20120526</stu_no>
<problem>studying</problem>
<stu_major>Business</stu_major>
</check>
<check>
<year>2016</year>
<month>11</month>
<day>28</day>
<time>10:00~11:00</time>
<stu_name>Serin Oh</stu_name>
<stu_no>20120526</stu_no>
<problem>studying</problem>
<stu_major>Business</stu_major>
</check>
