<?xml version = "1.0" encoding = "UTF-8" ?>
<reservation>
<year>2016</year>
<month>11</month>
<day>18</day>
<time>13:00~14:00</time>
<p_no>123</p_no>
<yesno>2</yesno>
</reservation>
<reservation>
<year>2016</year>
<month>11</month>
<day>18</day>
<time>15:00~16:00</time>
<p_no>123</p_no>
<yesno>2</yesno>
</reservation>
<reservation>
<year>2016</year>
<month>11</month>
<day>24</day>
<time>13:00~14:00</time>
<p_no>123</p_no>
<yesno>0</yesno>
</reservation>
<reservation>
<year>2016</year>
<month>11</month>
<day>24</day>
<time>11:00~12:00</time>
<p_no>0216</p_no>
<yesno>2</yesno>
</reservation>
<reservation>
<year>2016</year>
<month>11</month>
<day>24</day>
<time>16:00~17:00</time>
<p_no>1</p_no>
<yesno>0</yesno>
</reservation>
<reservation>
<year>2016</year>
<month>11</month>
<day>24</day>
<time>15:00~16:00</time>
<p_no>123</p_no>
<yesno>0</yesno>
</reservation>
<reservation>
<year>2016</year>
<month>11</month>
<day>30</day>
<time>12:00~13:00</time>
<p_no>123</p_no>
<yesno>1</yesno>
</reservation>
<reservation>
<year>2016</year>
<month>11</month>
<day>24</day>
<time>14:00~15:00</time>
<p_no>0216</p_no>
<yesno>2</yesno>
</reservation>
