<?xml version = "1.0" encoding = "UTF-8" ?>
<reservation>
<year>2016</year>
<month>11</month>
<day>17</day>
<time>12:00~13:00</time>
<p_no>123</p_no>
<yesno>0</yesno>
</reservation>
<reservation>
<year>2016</year>
<month>11</month>
<day>25</day>
<time>13:00~14:00</time>
<p_no>123</p_no>
<yesno>2</yesno>
</reservation>
<reservation>
<year>2016</year>
<month>11</month>
<day>20</day>
<time>13:00~14:00</time>
<p_no>123</p_no>
<yesno>0</yesno>
</reservation>
<reservation>
<year>2016</year>
<month>11</month>
<day>20</day>
<time>19:00~20:00</time>
<p_no>123</p_no>
<yesno>2</yesno>
</reservation>
<reservation>
<year>2016</year>
<month>11</month>
<day>24</day>
<time>13:00~14:00</time>
<p_no>123</p_no>
<yesno>2</yesno>
</reservation>
